event_name,category,sub_category,description,venue,village,taluka,district,start_date,end_date,start_time,end_time,recurrence,organizer,organizer_contact,organizer_email,website,ticket_required,ticket_price,currency,booking_required,where_to_book,age_restriction,expected_crowd,transport_availability,parking_available,accessibility,food_available,photography_allowed,dress_code,best_time_to_visit,nearby_attractions,weather_dependency,status,safety_tips,Popularity Score
Goa Carnival,Cultural,Carnival,Goa's biggest pre-Lenten festival with colorful floats and music.,Panaji,Panaji,Tiswadi,North Goa,February,February,09:00,20:00,Annual,Goa Tourism,,,,No,0,INR,No,,None,High,Good,Yes,Yes,Yes,Yes,Casual,Evening,Latin Quarter,No,Active,Follow local guidelines.,10
Shigmo Festival,Cultural,Spring Festival,Traditional spring festival with folk dances and parades.,Statewide,Various,Statewide,Goa,March,March,09:00,20:00,Annual,Goa Tourism,,,,No,0,INR,No,,None,High,Good,Yes,Yes,Yes,Yes,Casual,Evening,Ponda,No,Active,Follow local guidelines.,10
Sao Joao Festival,Religious,Monsoon Festival,Celebration where people jump into wells wearing flower crowns.,Siolim,Siolim,Bardez,North Goa,June,June,09:00,20:00,Annual,Goa Tourism,,,,No,0,INR,No,,None,High,Good,Yes,Yes,Yes,Yes,Casual,Morning,Siolim,Yes,Active,Follow local guidelines.,9
Bonderam Festival,Cultural,Island Festival,Flag festival celebrated on Divar Island.,Divar Island,Divar,Tiswadi,North Goa,August,August,09:00,20:00,Annual,Goa Tourism,,,,No,0,INR,No,,None,High,Good,Yes,Yes,Yes,Yes,Casual,Day,Divar Ferry,Yes,Active,Follow local guidelines.,9
Feast of St. Francis Xavier,Religious,Feast,Major Christian feast at Basilica of Bom Jesus.,Old Goa,Old Goa,Tiswadi,North Goa,December,December,09:00,20:00,Annual,Goa Tourism,,,,No,0,INR,No,,None,High,Good,Yes,Yes,Yes,Yes,Casual,Morning,Se Cathedral,No,Active,Follow local guidelines.,10
Sunburn Festival,Music,EDM Festival,Asia's biggest electronic dance music festival.,Dhargalim,Dhargalim,Pernem,North Goa,December,December,09:00,20:00,Annual,Goa Tourism,,,,Yes,4000,INR,No,,None,High,Good,Yes,Yes,Yes,Yes,Casual,Evening,Arambol Beach,No,Active,Follow local guidelines.,10
Spirit of Goa Festival,Food,Festival,Festival celebrating Goan food and culture.,Colva,Colva,Salcete,South Goa,May,May,09:00,20:00,Annual,Goa Tourism,,,,No,0,INR,No,,None,High,Good,Yes,Yes,Yes,Yes,Casual,Evening,Colva Beach,No,Active,Follow local guidelines.,8
IFFI Goa,Film,International Film Festival,India's premier international film festival.,Panaji,Panaji,Tiswadi,North Goa,November,November,09:00,20:00,Annual,Goa Tourism,,,,Yes,500,INR,No,,None,High,Good,Yes,Yes,Yes,Yes,Casual,Day,Kala Academy,No,Active,Follow local guidelines.,10
Goa Food & Cultural Festival,Food,Festival,Festival celebrating Goan cuisine and performances.,Panaji,Panaji,Tiswadi,North Goa,April,April,09:00,20:00,Annual,Goa Tourism,,,,No,0,INR,No,,None,High,Good,Yes,Yes,Yes,Yes,Casual,Evening,Miramar Beach,No,Active,Follow local guidelines.,8
Grape Escapade,Food,Wine Festival,Goa's wine festival.,Panaji,Panaji,Tiswadi,North Goa,February,February,09:00,20:00,Annual,Goa Tourism,,,,Yes,300,INR,No,,None,High,Good,Yes,Yes,Yes,Yes,Casual,Evening,Panaji,No,Active,Follow local guidelines.,8
Goa Cashew & Coconut Festival,Food,Agricultural Festival,Celebrates Goa's cashew and coconut heritage.,Various,Various,Statewide,Goa,May,May,09:00,20:00,Annual,Goa Tourism,,,,No,0,INR,No,,None,High,Good,Yes,Yes,Yes,Yes,Casual,Evening,,No,Active,Follow local guidelines.,7
Serendipity Arts Festival,Arts,Arts Festival,International multidisciplinary arts festival.,Panaji,Panaji,Tiswadi,North Goa,December,December,09:00,20:00,Annual,Goa Tourism,,,,No,0,INR,No,,None,High,Good,Yes,Yes,Yes,Yes,Casual,Evening,,No,Active,Follow local guidelines.,9
Goa Arts & Literature Festival,Literature,Festival,Festival featuring authors and speakers.,Panaji,Panaji,Tiswadi,North Goa,February,February,09:00,20:00,Annual,Goa Tourism,,,,No,0,INR,No,,None,High,Good,Yes,Yes,Yes,Yes,Casual,Evening,,No,Active,Follow local guidelines.,8
Goa Sand Art Festival,Arts,Beach Festival,Sand sculpture competition at Miramar Beach.,Miramar,Panaji,Tiswadi,North Goa,January,January,09:00,20:00,Annual,Goa Tourism,,,,No,0,INR,No,,None,High,Good,Yes,Yes,Yes,Yes,Casual,Evening,,No,Active,Follow local guidelines.,7
Three Kings Feast,Religious,Feast,Traditional Three Kings celebration.,Cansaulim,Cansaulim,Mormugao,South Goa,January,January,09:00,20:00,Annual,Goa Tourism,,,,No,0,INR,No,,None,High,Good,Yes,Yes,Yes,Yes,Casual,Evening,,No,Active,Follow local guidelines.,7
Chikhal Kalo Festival,Cultural,Mud Festival,Traditional mud festival inspired by Krishna legends.,Marcel,Marcel,Ponda,North Goa,July,July,09:00,20:00,Annual,Goa Tourism,,,,No,0,INR,No,,None,High,Good,Yes,Yes,Yes,Yes,Casual,Evening,,No,Active,Follow local guidelines.,9
Ganesh Chaturthi,Religious,Festival,Goa's biggest Hindu home festival.,Statewide,Various,Statewide,Goa,August,August,09:00,20:00,Annual,Goa Tourism,,,,No,0,INR,No,,None,High,Good,Yes,Yes,Yes,Yes,Casual,Evening,,No,Active,Follow local guidelines.,10
Diwali in Goa,Cultural,Festival,Narakasura effigy competitions and celebrations.,Statewide,Various,Statewide,Goa,October,October,09:00,20:00,Annual,Goa Tourism,,,,No,0,INR,No,,None,High,Good,Yes,Yes,Yes,Yes,Casual,Evening,,No,Active,Follow local guidelines.,9
Christmas Celebrations,Religious,Festival,Christmas masses and decorations across Goa.,Statewide,Various,Statewide,Goa,December,December,09:00,20:00,Annual,Goa Tourism,,,,No,0,INR,No,,None,High,Good,Yes,Yes,Yes,Yes,Casual,Evening,,No,Active,Follow local guidelines.,10
New Year Beach Celebrations,Entertainment,Celebration,Beach parties and fireworks across Goa.,Statewide,Various,Statewide,Goa,December,December,09:00,20:00,Annual,Goa Tourism,,,,No,0,INR,No,,None,High,Good,Yes,Yes,Yes,Yes,Casual,Evening,,No,Active,Follow local guidelines.,10
Monte Music Festival,Music,Festival,Classical music festival.,Old Goa,Old Goa,Tiswadi,North Goa,February,February,09:00,20:00,Annual,Goa Tourism,,,,No,0,INR,No,,None,High,Good,Yes,Yes,Yes,Yes,Casual,Evening,,No,Active,Follow local guidelines.,8
Goa Heritage Festival,Cultural,Festival,Festival showcasing Goa's heritage.,Saligao,Saligao,Bardez,North Goa,May,May,09:00,20:00,Annual,Goa Tourism,,,,No,0,INR,No,,None,High,Good,Yes,Yes,Yes,Yes,Casual,Evening,,No,Active,Follow local guidelines.,8
Patto Festival,Cultural,Festival,Community cultural festival.,Panaji,Panaji,Tiswadi,North Goa,January,January,09:00,20:00,Annual,Goa Tourism,,,,No,0,INR,No,,None,High,Good,Yes,Yes,Yes,Yes,Casual,Evening,,No,Active,Follow local guidelines.,7
Feast of Our Lady of Miracles,Religious,Feast,Historic church feast.,Mapusa,Mapusa,Bardez,North Goa,December,December,09:00,20:00,Annual,Goa Tourism,,,,No,0,INR,No,,None,High,Good,Yes,Yes,Yes,Yes,Casual,Evening,,No,Active,Follow local guidelines.,8
Goa River Festival,Adventure,Festival,River-based adventure festival.,Panaji,Panaji,Tiswadi,North Goa,January,January,09:00,20:00,Annual,Goa Tourism,,,,No,0,INR,No,,None,High,Good,Yes,Yes,Yes,Yes,Casual,Evening,,No,Active,Follow local guidelines.,7
Goa Bird Festival,Nature,Festival,Birdwatching festival.,Canacona,Canacona,Canacona,South Goa,January,January,09:00,20:00,Annual,Goa Tourism,,,,No,0,INR,No,,None,High,Good,Yes,Yes,Yes,Yes,Casual,Evening,,No,Active,Follow local guidelines.,8
Konkani Drama Festival,Arts,Festival,Festival celebrating Konkani theatre.,Panaji,Panaji,Tiswadi,North Goa,September,September,09:00,20:00,Annual,Goa Tourism,,,,No,0,INR,No,,None,High,Good,Yes,Yes,Yes,Yes,Casual,Evening,,No,Active,Follow local guidelines.,7
Mando Festival,Music,Festival,Traditional Goan music festival.,Panaji,Panaji,Tiswadi,North Goa,October,October,09:00,20:00,Annual,Goa Tourism,,,,No,0,INR,No,,None,High,Good,Yes,Yes,Yes,Yes,Casual,Evening,,No,Active,Follow local guidelines.,8
Goa Jazz Festival,Music,Festival,Jazz performances by local and international artists.,Panaji,Panaji,Tiswadi,North Goa,November,November,09:00,20:00,Annual,Goa Tourism,,,,No,0,INR,No,,None,High,Good,Yes,Yes,Yes,Yes,Casual,Evening,,No,Active,Follow local guidelines.,8
Goa Seafood Festival,Food,Festival,Celebration of Goan seafood cuisine.,Panaji,Panaji,Tiswadi,North Goa,April,April,09:00,20:00,Annual,Goa Tourism,,,,No,0,INR,No,,None,High,Good,Yes,Yes,Yes,Yes,Casual,Evening,,No,Active,Follow local guidelines.,8
Goa Craft Fair,Arts,Fair,Local artisan craft fair.,Mapusa,Mapusa,Bardez,North Goa,November,November,09:00,20:00,Annual,Goa Tourism,,,,No,0,INR,No,,None,High,Good,Yes,Yes,Yes,Yes,Casual,Evening,,No,Active,Follow local guidelines.,7
Mapusa Friday Market,Market,Weekly Market,Weekly market for local products.,Mapusa,Mapusa,Bardez,North Goa,Weekly,Weekly,09:00,20:00,Annual,Goa Tourism,,,,No,0,INR,No,,None,High,Good,Yes,Yes,Yes,Yes,Casual,Evening,,No,Active,Follow local guidelines.,8
Anjuna Flea Market,Market,Weekly Market,Famous Wednesday flea market.,Anjuna,Anjuna,Bardez,North Goa,Weekly,Weekly,09:00,20:00,Annual,Goa Tourism,,,,No,0,INR,No,,None,High,Good,Yes,Yes,Yes,Yes,Casual,Evening,,No,Active,Follow local guidelines.,9
Saturday Night Market Arpora,Market,Night Market,Popular night market.,Arpora,Arpora,Bardez,North Goa,Seasonal,Seasonal,09:00,20:00,Annual,Goa Tourism,,,,No,0,INR,No,,None,High,Good,Yes,Yes,Yes,Yes,Casual,Evening,,No,Active,Follow local guidelines.,9
Goa Yoga Festival,Wellness,Festival,Wellness and yoga festival.,North Goa,Various,Statewide,Goa,February,February,09:00,20:00,Annual,Goa Tourism,,,,No,0,INR,No,,None,High,Good,Yes,Yes,Yes,Yes,Casual,Evening,,No,Active,Follow local guidelines.,8
World Music Day Goa,Music,Festival,Live music performances.,Panaji,Panaji,Tiswadi,North Goa,June,June,09:00,20:00,Annual,Goa Tourism,,,,No,0,INR,No,,None,High,Good,Yes,Yes,Yes,Yes,Casual,Evening,,No,Active,Follow local guidelines.,7
Goa Independence Day Cultural Parade,Cultural,Parade,Independence Day parade.,Panaji,Panaji,Tiswadi,North Goa,August,August,09:00,20:00,Annual,Goa Tourism,,,,No,0,INR,No,,None,High,Good,Yes,Yes,Yes,Yes,Casual,Evening,,No,Active,Follow local guidelines.,8
Goa Republic Day Parade,Cultural,Parade,Republic Day celebrations.,Panaji,Panaji,Tiswadi,North Goa,January,January,09:00,20:00,Annual,Goa Tourism,,,,No,0,INR,No,,None,High,Good,Yes,Yes,Yes,Yes,Casual,Evening,,No,Active,Follow local guidelines.,8
Ganesh Visarjan Processions,Religious,Procession,Ganesh idol immersion processions.,Statewide,Various,Statewide,Goa,September,September,09:00,20:00,Annual,Goa Tourism,,,,No,0,INR,No,,None,High,Good,Yes,Yes,Yes,Yes,Casual,Evening,,No,Active,Follow local guidelines.,9
Navratri Dandiya Nights,Cultural,Festival,Dandiya celebrations.,Statewide,Various,Statewide,Goa,October,October,09:00,20:00,Annual,Goa Tourism,,,,No,0,INR,No,,None,High,Good,Yes,Yes,Yes,Yes,Casual,Evening,,No,Active,Follow local guidelines.,8
Feast of Our Lady of Immaculate Conception,Religious,Feast,Panaji's famous church feast.,Panaji,Panaji,Tiswadi,North Goa,December,December,09:00,20:00,Annual,Goa Tourism,,,,No,0,INR,No,,None,High,Good,Yes,Yes,Yes,Yes,Casual,Evening,,No,Active,Follow local guidelines.,10
Velim Festival,Cultural,Festival,Traditional village festival.,Velim,Velim,Salcete,South Goa,January,January,09:00,20:00,Annual,Goa Tourism,,,,No,0,INR,No,,None,High,Good,Yes,Yes,Yes,Yes,Casual,Evening,,No,Active,Follow local guidelines.,7
Zagor Folk Festival,Cultural,Folk Festival,Traditional Zagor folk performance festival.,Sanguem,Sanguem,Sanguem,South Goa,October,October,09:00,20:00,Annual,Goa Tourism,,,,No,0,INR,No,,None,High,Good,Yes,Yes,Yes,Yes,Casual,Evening,,No,Active,Follow local guidelines.,8
Dindi Festival,Cultural,Folk Festival,Traditional Dindi folk dance festival.,Sanguem,Sanguem,Sanguem,South Goa,January,January,09:00,20:00,Annual,Goa Tourism,,,,No,0,INR,No,,None,High,Good,Yes,Yes,Yes,Yes,Casual,Evening,,No,Active,Follow local guidelines.,7
Goa Book Fair,Literature,Fair,Annual book fair.,Panaji,Panaji,Tiswadi,North Goa,December,December,09:00,20:00,Annual,Goa Tourism,,,,No,0,INR,No,,None,High,Good,Yes,Yes,Yes,Yes,Casual,Evening,,No,Active,Follow local guidelines.,7
Goa Marathon,Sports,Marathon,Annual marathon.,Panaji,Panaji,Tiswadi,North Goa,December,December,09:00,20:00,Annual,Goa Tourism,,,,No,0,INR,No,,None,High,Good,Yes,Yes,Yes,Yes,Casual,Evening,,No,Active,Follow local guidelines.,8
Cycling Challenge Goa,Sports,Cycling Event,Cycling challenge.,Statewide,Various,Statewide,Goa,November,November,09:00,20:00,Annual,Goa Tourism,,,,No,0,INR,No,,None,High,Good,Yes,Yes,Yes,Yes,Casual,Evening,,No,Active,Follow local guidelines.,7
Beach Football Championship Goa,Sports,Championship,Beach football tournament.,Calangute,Calangute,Bardez,North Goa,January,January,09:00,20:00,Annual,Goa Tourism,,,,No,0,INR,No,,None,High,Good,Yes,Yes,Yes,Yes,Casual,Evening,,No,Active,Follow local guidelines.,8
Goa Kite Festival,Cultural,Festival,Colorful kite festival.,Miramar,Panaji,Tiswadi,North Goa,January,January,09:00,20:00,Annual,Goa Tourism,,,,No,0,INR,No,,None,High,Good,Yes,Yes,Yes,Yes,Casual,Evening,,No,Active,Follow local guidelines.,7
