dataset,name,description_starts_with,problem
places,Fort of Sakhali(Sanguelim Fort),"Maharaja Dipaji Rane's Fort is an important historical landmark in Bicholim Taluka, Goa, associated with the legendary G",Description does not match this row (shifted rows or misplaced column?)
places,Maharaja Dipaji Rane's Fort,"Nanuz Fort is a historic hill fort situated near Nanuz village in Bicholim Taluka, North Goa. Nestled amidst dense fores",Description does not match this row (shifted rows or misplaced column?)
places,Shri Santa Sathguru Balumama Temple,"Sanquelim Fort, located in the bustling town of Sanquelim in North Goa, is a 17th-century fort that once played a crucia",Description does not match this row (shifted rows or misplaced column?)
places,Vithal Temple,"Vitthal Temple is a revered Hindu temple located in Sanguem Taluka, South Goa, dedicated to Lord Vitthal (Vithoba), a fo",Description does not match this row (shifted rows or misplaced column?)
places,Shri Rudreshwar Devasthan,"Mahamaya Kalika Saunsthan is a temple complex in Kansarpal village of Bicholim taluka in the state of Goa,which belongs ",Description does not match this row (shifted rows or misplaced column?)
places,Harvalem Waterfall( Arvalem Waterfall),"Kesarval Waterfall is a beautiful seasonal waterfall located in the Kesarval area of Goa, surrounded by dense greenery, ",Description does not match this row (shifted rows or misplaced column?)
places,Kesarval Waterfall,Pali Waterfall is a beautiful seasonal waterfall located in the Bicholim region of North Goa. Surrounded by dense greene,Description does not match this row (shifted rows or misplaced column?)
places,Nanuz Fort,"Harvalem Waterfall, also known as Arvalem Waterfall, is a popular natural attraction located in Sanquelim, Bicholim Talu",Description does not match this row (shifted rows or misplaced column?)
stay,La-Paz Gardens Beacon Hotel,Vasco da Gama,Description does not match this row (shifted rows or misplaced column?)
stay,Hotel Supreme,Vasco da Gama,Description does not match this row (shifted rows or misplaced column?)
stay,Hotel The Ashoka,Vasco da Gama,Description does not match this row (shifted rows or misplaced column?)
stay,Hotel Maharani,Vasco da Gama,Description does not match this row (shifted rows or misplaced column?)
stay,Bhumiputra Stays,Pernem Town,Description does not match this row (shifted rows or misplaced column?)
stay,Dhanashree Riverview Hotel,Pernem Town,Description does not match this row (shifted rows or misplaced column?)
stay,Hotel RSA Residency,Pernem Town,Description does not match this row (shifted rows or misplaced column?)
stay,Green Leaf Resort,Quepem Town,Description does not match this row (shifted rows or misplaced column?)
stay,Palacio do Deao,Quepem Town,Description does not match this row (shifted rows or misplaced column?)
stay,Casa Abilio De Sousa,Quepem Town,Description does not match this row (shifted rows or misplaced column?)
stay,Peace Cottage Homestay,Quepem Town,Description does not match this row (shifted rows or misplaced column?)
stay,Deao Heritage Villa,Quepem Town,Description does not match this row (shifted rows or misplaced column?)
